-- INSERT INTO usuarios
INSERT INTO usuarios (id_usuario, nome, email, cpf, senha, nascimento) VALUES
(6, 'Usuario 6', 'usuario6@email.com', '00000000006', 'senha6', '1990-01-01'),
(7, 'Usuario 7', 'usuario7@email.com', '00000000007', 'senha7', '1990-02-02'),
(8, 'Usuario 8', 'usuario8@email.com', '00000000008', 'senha8', '1990-03-03'),
(9, 'Usuario 9', 'usuario9@email.com', '00000000009', 'senha9', '1990-04-04'),
(10, 'Usuario 10', 'usuario10@email.com', '00000000010', 'senha10', '1990-05-05'),
(11, 'Usuario 11', 'usuario11@email.com', '00000000011', 'senha11', '1990-06-06'),
(12, 'Usuario 12', 'usuario12@email.com', '00000000012', 'senha12', '1990-07-07'),
(13, 'Usuario 13', 'usuario13@email.com', '00000000013', 'senha13', '1990-08-08'),
(14, 'Usuario 14', 'usuario14@email.com', '00000000014', 'senha14', '1990-09-09'),
(15, 'Usuario 15', 'usuario15@email.com', '00000000015', 'senha15', '1990-10-10'),
(16, 'Usuario 16', 'usuario16@email.com', '00000000016', 'senha16', '1990-11-11'),
(17, 'Usuario 17', 'usuario17@email.com', '00000000017', 'senha17', '1990-12-12'),
(18, 'Usuario 18', 'usuario18@email.com', '00000000018', 'senha18', '1990-01-13'),
(19, 'Usuario 19', 'usuario19@email.com', '00000000019', 'senha19', '1990-02-14'),
(20, 'Usuario 20', 'usuario20@email.com', '00000000020', 'senha20', '1990-03-15'),
(21, 'Usuario 21', 'usuario21@email.com', '00000000021', 'senha21', '1990-04-16'),
(22, 'Usuario 22', 'usuario22@email.com', '00000000022', 'senha22', '1990-05-17'),
(23, 'Usuario 23', 'usuario23@email.com', '00000000023', 'senha23', '1990-06-18'),
(24, 'Usuario 24', 'usuario24@email.com', '00000000024', 'senha24', '1990-07-19'),
(25, 'Usuario 25', 'usuario25@email.com', '00000000025', 'senha25', '1990-08-20'),
(26, 'Usuario 26', 'usuario26@email.com', '00000000026', 'senha26', '1990-09-21'),
(27, 'Usuario 27', 'usuario27@email.com', '00000000027', 'senha27', '1990-10-22'),
(28, 'Usuario 28', 'usuario28@email.com', '00000000028', 'senha28', '1990-11-23'),
(29, 'Usuario 29', 'usuario29@email.com', '00000000029', 'senha29', '1990-12-24'),
(30, 'Usuario 30', 'usuario30@email.com', '00000000030', 'senha30', '1990-01-25'),
(31, 'Usuario 31', 'usuario31@email.com', '00000000031', 'senha31', '1990-02-26'),
(32, 'Usuario 32', 'usuario32@email.com', '00000000032', 'senha32', '1990-03-27'),
(33, 'Usuario 33', 'usuario33@email.com', '00000000033', 'senha33', '1990-04-28'),
(34, 'Usuario 34', 'usuario34@email.com', '00000000034', 'senha34', '1990-05-01'),
(35, 'Usuario 35', 'usuario35@email.com', '00000000035', 'senha35', '1990-06-02'),
(36, 'Usuario 36', 'usuario36@email.com', '00000000036', 'senha36', '1990-07-03'),
(37, 'Usuario 37', 'usuario37@email.com', '00000000037', 'senha37', '1990-08-04'),
(38, 'Usuario 38', 'usuario38@email.com', '00000000038', 'senha38', '1990-09-05'),
(39, 'Usuario 39', 'usuario39@email.com', '00000000039', 'senha39', '1990-10-06'),
(40, 'Usuario 40', 'usuario40@email.com', '00000000040', 'senha40', '1990-11-07'),
(41, 'Usuario 41', 'usuario41@email.com', '00000000041', 'senha41', '1990-12-08'),
(42, 'Usuario 42', 'usuario42@email.com', '00000000042', 'senha42', '1990-01-09'),
(43, 'Usuario 43', 'usuario43@email.com', '00000000043', 'senha43', '1990-02-10'),
(44, 'Usuario 44', 'usuario44@email.com', '00000000044', 'senha44', '1990-03-11'),
(45, 'Usuario 45', 'usuario45@email.com', '00000000045', 'senha45', '1990-04-12'),
(46, 'Usuario 46', 'usuario46@email.com', '00000000046', 'senha46', '1990-05-13'),
(47, 'Usuario 47', 'usuario47@email.com', '00000000047', 'senha47', '1990-06-14'),
(48, 'Usuario 48', 'usuario48@email.com', '00000000048', 'senha48', '1990-07-15'),
(49, 'Usuario 49', 'usuario49@email.com', '00000000049', 'senha49', '1990-08-16'),
(50, 'Usuario 50', 'usuario50@email.com', '00000000050', 'senha50', '1990-09-17'),
(51, 'Usuario 51', 'usuario51@email.com', '00000000051', 'senha51', '1990-10-18'),
(52, 'Usuario 52', 'usuario52@email.com', '00000000052', 'senha52', '1990-11-19'),
(53, 'Usuario 53', 'usuario53@email.com', '00000000053', 'senha53', '1990-12-20'),
(54, 'Usuario 54', 'usuario54@email.com', '00000000054', 'senha54', '1990-01-21'),
(55, 'Usuario 55', 'usuario55@email.com', '00000000055', 'senha55', '1990-02-22'),
(56, 'Usuario 56', 'usuario56@email.com', '00000000056', 'senha56', '1990-03-23'),
(57, 'Usuario 57', 'usuario57@email.com', '00000000057', 'senha57', '1990-04-24'),
(58, 'Usuario 58', 'usuario58@email.com', '00000000058', 'senha58', '1990-05-25'),
(59, 'Usuario 59', 'usuario59@email.com', '00000000059', 'senha59', '1990-06-26'),
(60, 'Usuario 60', 'usuario60@email.com', '00000000060', 'senha60', '1990-07-27'),
(61, 'Usuario 61', 'usuario61@email.com', '00000000061', 'senha61', '1990-08-28'),
(62, 'Usuario 62', 'usuario62@email.com', '00000000062', 'senha62', '1990-09-01'),
(63, 'Usuario 63', 'usuario63@email.com', '00000000063', 'senha63', '1990-10-02'),
(64, 'Usuario 64', 'usuario64@email.com', '00000000064', 'senha64', '1990-11-03'),
(65, 'Usuario 65', 'usuario65@email.com', '00000000065', 'senha65', '1990-12-04'),
(66, 'Usuario 66', 'usuario66@email.com', '00000000066', 'senha66', '1990-01-05'),
(67, 'Usuario 67', 'usuario67@email.com', '00000000067', 'senha67', '1990-02-06'),
(68, 'Usuario 68', 'usuario68@email.com', '00000000068', 'senha68', '1990-03-07'),
(69, 'Usuario 69', 'usuario69@email.com', '00000000069', 'senha69', '1990-04-08'),
(70, 'Usuario 70', 'usuario70@email.com', '00000000070', 'senha70', '1990-05-09'),
(71, 'Usuario 71', 'usuario71@email.com', '00000000071', 'senha71', '1990-06-10'),
(72, 'Usuario 72', 'usuario72@email.com', '00000000072', 'senha72', '1990-07-11'),
(73, 'Usuario 73', 'usuario73@email.com', '00000000073', 'senha73', '1990-08-12'),
(74, 'Usuario 74', 'usuario74@email.com', '00000000074', 'senha74', '1990-09-13'),
(75, 'Usuario 75', 'usuario75@email.com', '00000000075', 'senha75', '1990-10-14'),
(76, 'Usuario 76', 'usuario76@email.com', '00000000076', 'senha76', '1990-11-15'),
(77, 'Usuario 77', 'usuario77@email.com', '00000000077', 'senha77', '1990-12-16'),
(78, 'Usuario 78', 'usuario78@email.com', '00000000078', 'senha78', '1990-01-17'),
(79, 'Usuario 79', 'usuario79@email.com', '00000000079', 'senha79', '1990-02-18'),
(80, 'Usuario 80', 'usuario80@email.com', '00000000080', 'senha80', '1990-03-19'),
(81, 'Usuario 81', 'usuario81@email.com', '00000000081', 'senha81', '1990-04-20'),
(82, 'Usuario 82', 'usuario82@email.com', '00000000082', 'senha82', '1990-05-21'),
(83, 'Usuario 83', 'usuario83@email.com', '00000000083', 'senha83', '1990-06-22'),
(84, 'Usuario 84', 'usuario84@email.com', '00000000084', 'senha84', '1990-07-23'),
(85, 'Usuario 85', 'usuario85@email.com', '00000000085', 'senha85', '1990-08-24'),
(86, 'Usuario 86', 'usuario86@email.com', '00000000086', 'senha86', '1990-09-25'),
(87, 'Usuario 87', 'usuario87@email.com', '00000000087', 'senha87', '1990-10-26'),
(88, 'Usuario 88', 'usuario88@email.com', '00000000088', 'senha88', '1990-11-27'),
(89, 'Usuario 89', 'usuario89@email.com', '00000000089', 'senha89', '1990-12-28'),
(90, 'Usuario 90', 'usuario90@email.com', '00000000090', 'senha90', '1990-01-01'),
(91, 'Usuario 91', 'usuario91@email.com', '00000000091', 'senha91', '1990-02-02'),
(92, 'Usuario 92', 'usuario92@email.com', '00000000092', 'senha92', '1990-03-03'),
(93, 'Usuario 93', 'usuario93@email.com', '00000000093', 'senha93', '1990-04-04'),
(94, 'Usuario 94', 'usuario94@email.com', '00000000094', 'senha94', '1990-05-05'),
(95, 'Usuario 95', 'usuario95@email.com', '00000000095', 'senha95', '1990-06-06'),
(96, 'Usuario 96', 'usuario96@email.com', '00000000096', 'senha96', '1990-07-07'),
(97, 'Usuario 97', 'usuario97@email.com', '00000000097', 'senha97', '1990-08-08'),
(98, 'Usuario 98', 'usuario98@email.com', '00000000098', 'senha98', '1990-09-09'),
(99, 'Usuario 99', 'usuario99@email.com', '00000000099', 'senha99', '1990-10-10'),
(100, 'Usuario 100', 'usuario100@email.com', '00000000100', 'senha100', '1990-11-11'),
(101, 'Usuario 101', 'usuario101@email.com', '00000000101', 'senha101', '1990-12-12'),
(102, 'Usuario 102', 'usuario102@email.com', '00000000102', 'senha102', '1990-01-13'),
(103, 'Usuario 103', 'usuario103@email.com', '00000000103', 'senha103', '1990-02-14'),
(104, 'Usuario 104', 'usuario104@email.com', '00000000104', 'senha104', '1990-03-15'),
(105, 'Usuario 105', 'usuario105@email.com', '00000000105', 'senha105', '1990-04-16');

-- INSERT INTO game
INSERT INTO game (id_game, nome_game, categoria, faixa_etaria, lancamento) VALUES
(6, 'Jogo 6', 'Corrida', 16, 2018),
(7, 'Jogo 7', 'Aventura', 18, 2019),
(8, 'Jogo 8', 'Estratégia', 16, 2015),
(9, 'Jogo 9', 'Ação', 18, 2021),
(10, 'Jogo 10', 'Estratégia', 16, 2016),
(11, 'Jogo 11', 'RPG', 14, 2019),
(12, 'Jogo 12', 'RPG', 12, 2018),
(13, 'Jogo 13', 'Aventura', 18, 2021),
(14, 'Jogo 14', 'Estratégia', 10, 2017),
(15, 'Jogo 15', 'Ação', 10, 2012),
(16, 'Jogo 16', 'RPG', 18, 2025),
(17, 'Jogo 17', 'Estratégia', 14, 2012),
(18, 'Jogo 18', 'Ação', 0, 2010),
(19, 'Jogo 19', 'Estratégia', 14, 2012),
(20, 'Jogo 20', 'Corrida', 14, 2012),
(21, 'Jogo 21', 'RPG', 14, 2011),
(22, 'Jogo 22', 'Estratégia', 7, 2022),
(23, 'Jogo 23', 'RPG', 10, 2020),
(24, 'Jogo 24', 'Corrida', 18, 2018),
(25, 'Jogo 25', 'Ação', 18, 2022),
(26, 'Jogo 26', 'Aventura', 16, 2011),
(27, 'Jogo 27', 'Corrida', 7, 2010),
(28, 'Jogo 28', 'RPG', 18, 2024),
(29, 'Jogo 29', 'Ação', 10, 2010),
(30, 'Jogo 30', 'Aventura', 12, 2020),
(31, 'Jogo 31', 'RPG', 18, 2025),
(32, 'Jogo 32', 'Aventura', 7, 2021),
(33, 'Jogo 33', 'Estratégia', 18, 2010),
(34, 'Jogo 34', 'Ação', 7, 2019),
(35, 'Jogo 35', 'Aventura', 14, 2016),
(36, 'Jogo 36', 'Ação', 7, 2018),
(37, 'Jogo 37', 'Aventura', 12, 2025),
(38, 'Jogo 38', 'Estratégia', 7, 2025),
(39, 'Jogo 39', 'Estratégia', 14, 2025),
(40, 'Jogo 40', 'Aventura', 0, 2015),
(41, 'Jogo 41', 'Ação', 0, 2022),
(42, 'Jogo 42', 'Estratégia', 10, 2014),
(43, 'Jogo 43', 'Corrida', 7, 2023),
(44, 'Jogo 44', 'RPG', 14, 2019),
(45, 'Jogo 45', 'RPG', 0, 2019),
(46, 'Jogo 46', 'Corrida', 0, 2023),
(47, 'Jogo 47', 'Aventura', 7, 2012),
(48, 'Jogo 48', 'Estratégia', 10, 2017),
(49, 'Jogo 49', 'Ação', 12, 2011),
(50, 'Jogo 50', 'Estratégia', 14, 2023),
(51, 'Jogo 51', 'Aventura', 14, 2012),
(52, 'Jogo 52', 'RPG', 10, 2010),
(53, 'Jogo 53', 'Corrida', 14, 2012),
(54, 'Jogo 54', 'Corrida', 16, 2023),
(55, 'Jogo 55', 'RPG', 10, 2024),
(56, 'Jogo 56', 'Aventura', 18, 2021),
(57, 'Jogo 57', 'Corrida', 10, 2025),
(58, 'Jogo 58', 'RPG', 10, 2011),
(59, 'Jogo 59', 'RPG', 14, 2020),
(60, 'Jogo 60', 'Corrida', 14, 2017),
(61, 'Jogo 61', 'Aventura', 0, 2019),
(62, 'Jogo 62', 'Corrida', 16, 2011),
(63, 'Jogo 63', 'Estratégia', 16, 2017),
(64, 'Jogo 64', 'RPG', 16, 2024),
(65, 'Jogo 65', 'Estratégia', 12, 2022),
(66, 'Jogo 66', 'Estratégia', 0, 2025),
(67, 'Jogo 67', 'RPG', 16, 2011),
(68, 'Jogo 68', 'Aventura', 7, 2013),
(69, 'Jogo 69', 'RPG', 0, 2017),
(70, 'Jogo 70', 'Aventura', 18, 2015),
(71, 'Jogo 71', 'RPG', 10, 2022),
(72, 'Jogo 72', 'Estratégia', 10, 2010),
(73, 'Jogo 73', 'Ação', 18, 2024),
(74, 'Jogo 74', 'Ação', 12, 2021),
(75, 'Jogo 75', 'Corrida', 16, 2013),
(76, 'Jogo 76', 'RPG', 14, 2022),
(77, 'Jogo 77', 'RPG', 0, 2025),
(78, 'Jogo 78', 'Aventura', 18, 2014),
(79, 'Jogo 79', 'Corrida', 10, 2025),
(80, 'Jogo 80', 'Corrida', 10, 2011),
(81, 'Jogo 81', 'Corrida', 18, 2012),
(82, 'Jogo 82', 'Estratégia', 0, 2015),
(83, 'Jogo 83', 'Aventura', 16, 2019),
(84, 'Jogo 84', 'RPG', 0, 2020),
(85, 'Jogo 85', 'Corrida', 16, 2019),
(86, 'Jogo 86', 'Corrida', 16, 2011),
(87, 'Jogo 87', 'Estratégia', 14, 2018),
(88, 'Jogo 88', 'Estratégia', 10, 2019),
(89, 'Jogo 89', 'Corrida', 18, 2013),
(90, 'Jogo 90', 'Estratégia', 14, 2021),
(91, 'Jogo 91', 'Corrida', 0, 2013),
(92, 'Jogo 92', 'Aventura', 14, 2016),
(93, 'Jogo 93', 'Aventura', 14, 2012),
(94, 'Jogo 94', 'Estratégia', 16, 2011),
(95, 'Jogo 95', 'Corrida', 12, 2022),
(96, 'Jogo 96', 'RPG', 14, 2013),
(97, 'Jogo 97', 'RPG', 10, 2025),
(98, 'Jogo 98', 'Aventura', 14, 2010),
(99, 'Jogo 99', 'Corrida', 10, 2019),
(100, 'Jogo 100', 'Aventura', 14, 2020),
(101, 'Jogo 101', 'RPG', 0, 2018),
(102, 'Jogo 102', 'Estratégia', 14, 2022),
(103, 'Jogo 103', 'Ação', 16, 2023),
(104, 'Jogo 104', 'Corrida', 18, 2012),
(105, 'Jogo 105', 'Corrida', 14, 2017);

-- INSERT INTO historico
INSERT INTO historico (id_historico, data, pontuacao, nivel, atualizacao, fk_usuarios_id_usuario, fk_game_id_game) VALUES
(11, '2025-07-07', 1680, 5, '2025-07-07 14:15:00', 6, 6),
(12, '2025-07-08', 1993, 4, '2025-07-08 20:07:00', 7, 7),
(13, '2025-07-09', 144, 6, '2025-07-09 02:18:00', 8, 8),
(14, '2025-07-10', 1644, 9, '2025-07-10 06:30:00', 9, 9),
(15, '2025-07-11', 991, 10, '2025-07-11 22:38:00', 10, 10),
(16, '2025-07-12', 443, 8, '2025-07-12 01:37:00', 11, 11),
(17, '2025-07-13', 1098, 1, '2025-07-13 16:03:00', 12, 12),
(18, '2025-07-14', 525, 9, '2025-07-14 06:34:00', 13, 13),
(19, '2025-07-15', 1439, 7, '2025-07-15 07:03:00', 14, 14),
(20, '2025-07-16', 830, 9, '2025-07-16 22:30:00', 15, 15),
(21, '2025-07-07', 1338, 6, '2025-07-07 20:25:00', 16, 16),
(22, '2025-07-08', 1948, 5, '2025-07-08 01:14:00', 17, 17),
(23, '2025-07-09', 666, 10, '2025-07-09 10:50:00', 18, 18),
(24, '2025-07-10', 236, 8, '2025-07-10 14:44:00', 19, 19),
(25, '2025-07-11', 903, 1, '2025-07-11 00:54:00', 20, 20),
(26, '2025-07-12', 1897, 4, '2025-07-12 22:16:00', 21, 21),
(27, '2025-07-13', 886, 4, '2025-07-13 23:54:00', 22, 22),
(28, '2025-07-14', 968, 7, '2025-07-14 03:13:00', 23, 23),
(29, '2025-07-15', 648, 10, '2025-07-15 10:02:00', 24, 24),
(30, '2025-07-16', 120, 1, '2025-07-16 22:24:00', 25, 25),
(31, '2025-07-07', 1742, 7, '2025-07-07 16:36:00', 26, 26),
(32, '2025-07-08', 1452, 7, '2025-07-08 10:19:00', 27, 27),
(33, '2025-07-09', 790, 4, '2025-07-09 19:39:00', 28, 28),
(34, '2025-07-10', 461, 8, '2025-07-10 06:14:00', 29, 29),
(35, '2025-07-11', 1912, 9, '2025-07-11 05:34:00', 30, 30),
(36, '2025-07-12', 1022, 9, '2025-07-12 20:27:00', 31, 31),
(37, '2025-07-13', 811, 5, '2025-07-13 04:52:00', 32, 32),
(38, '2025-07-14', 734, 9, '2025-07-14 06:50:00', 33, 33),
(39, '2025-07-15', 1697, 2, '2025-07-15 16:19:00', 34, 34),
(40, '2025-07-16', 831, 10, '2025-07-16 09:26:00', 35, 35),
(41, '2025-07-07', 466, 5, '2025-07-07 16:46:00', 36, 36),
(42, '2025-07-08', 1553, 3, '2025-07-08 03:59:00', 37, 37),
(43, '2025-07-09', 434, 1, '2025-07-09 19:25:00', 38, 38),
(44, '2025-07-10', 644, 6, '2025-07-10 16:00:00', 39, 39),
(45, '2025-07-11', 1524, 8, '2025-07-11 19:32:00', 40, 40),
(46, '2025-07-12', 313, 10, '2025-07-12 08:31:00', 41, 41),
(47, '2025-07-13', 1315, 7, '2025-07-13 13:30:00', 42, 42),
(48, '2025-07-14', 957, 1, '2025-07-14 11:25:00', 43, 43),
(49, '2025-07-15', 1234, 2, '2025-07-15 22:41:00', 44, 44),
(50, '2025-07-16', 220, 3, '2025-07-16 01:30:00', 45, 45),
(51, '2025-07-07', 559, 4, '2025-07-07 14:22:00', 46, 46),
(52, '2025-07-08', 830, 10, '2025-07-08 12:23:00', 47, 47),
(53, '2025-07-09', 649, 4, '2025-07-09 03:43:00', 48, 48),
(54, '2025-07-10', 1277, 10, '2025-07-10 03:12:00', 49, 49),
(55, '2025-07-11', 1066, 8, '2025-07-11 18:46:00', 50, 50),
(56, '2025-07-12', 1759, 1, '2025-07-12 04:55:00', 51, 51),
(57, '2025-07-13', 1423, 7, '2025-07-13 23:49:00', 52, 52),
(58, '2025-07-14', 244, 5, '2025-07-14 14:59:00', 53, 53),
(59, '2025-07-15', 1409, 5, '2025-07-15 03:41:00', 54, 54),
(60, '2025-07-16', 347, 1, '2025-07-16 19:17:00', 55, 55),
(61, '2025-07-07', 1797, 10, '2025-07-07 04:12:00', 56, 56),
(62, '2025-07-08', 682, 9, '2025-07-08 03:58:00', 57, 57),
(63, '2025-07-09', 1995, 10, '2025-07-09 03:54:00', 58, 58),
(64, '2025-07-10', 195, 4, '2025-07-10 07:17:00', 59, 59),
(65, '2025-07-11', 163, 3, '2025-07-11 12:23:00', 60, 60),
(66, '2025-07-12', 1818, 3, '2025-07-12 15:08:00', 61, 61),
(67, '2025-07-13', 1810, 1, '2025-07-13 05:48:00', 62, 62),
(68, '2025-07-14', 1427, 3, '2025-07-14 07:47:00', 63, 63),
(69, '2025-07-15', 1455, 4, '2025-07-15 12:14:00', 64, 64),
(70, '2025-07-16', 305, 2, '2025-07-16 03:21:00', 65, 65),
(71, '2025-07-07', 361, 3, '2025-07-07 10:52:00', 66, 66),
(72, '2025-07-08', 1002, 7, '2025-07-08 18:26:00', 67, 67),
(73, '2025-07-09', 1708, 8, '2025-07-09 15:43:00', 68, 68),
(74, '2025-07-10', 1798, 10, '2025-07-10 23:38:00', 69, 69),
(75, '2025-07-11', 1860, 2, '2025-07-11 06:42:00', 70, 70),
(76, '2025-07-12', 507, 5, '2025-07-12 18:04:00', 71, 71),
(77, '2025-07-13', 1442, 8, '2025-07-13 17:49:00', 72, 72),
(78, '2025-07-14', 1575, 3, '2025-07-14 19:56:00', 73, 73),
(79, '2025-07-15', 1856, 8, '2025-07-15 14:23:00', 74, 74),
(80, '2025-07-16', 1784, 2, '2025-07-16 19:20:00', 75, 75),
(81, '2025-07-07', 418, 2, '2025-07-07 08:31:00', 76, 76),
(82, '2025-07-08', 914, 1, '2025-07-08 10:00:00', 77, 77),
(83, '2025-07-09', 611, 2, '2025-07-09 17:41:00', 78, 78),
(84, '2025-07-10', 140, 3, '2025-07-10 17:17:00', 79, 79),
(85, '2025-07-11', 144, 5, '2025-07-11 10:26:00', 80, 80),
(86, '2025-07-12', 1436, 5, '2025-07-12 04:34:00', 81, 81),
(87, '2025-07-13', 1916, 8, '2025-07-13 20:49:00', 82, 82),
(88, '2025-07-14', 634, 10, '2025-07-14 11:18:00', 83, 83),
(89, '2025-07-15', 1170, 5, '2025-07-15 02:41:00', 84, 84),
(90, '2025-07-16', 1199, 9, '2025-07-16 18:40:00', 85, 85),
(91, '2025-07-07', 905, 1, '2025-07-07 20:28:00', 86, 86),
(92, '2025-07-08', 196, 4, '2025-07-08 13:23:00', 87, 87),
(93, '2025-07-09', 1594, 7, '2025-07-09 20:54:00', 88, 88),
(94, '2025-07-10', 1771, 4, '2025-07-10 15:03:00', 89, 89),
(95, '2025-07-11', 1292, 6, '2025-07-11 18:19:00', 90, 90),
(96, '2025-07-12', 1030, 9, '2025-07-12 11:54:00', 91, 91),
(97, '2025-07-13', 1528, 5, '2025-07-13 12:15:00', 92, 92),
(98, '2025-07-14', 1651, 3, '2025-07-14 23:26:00', 93, 93),
(99, '2025-07-15', 767, 7, '2025-07-15 04:37:00', 94, 94),
(100, '2025-07-16', 1679, 2, '2025-07-16 17:12:00', 95, 95),
(101, '2025-07-07', 517, 10, '2025-07-07 00:02:00', 96, 96),
(102, '2025-07-08', 1199, 9, '2025-07-08 11:47:00', 97, 97),
(103, '2025-07-09', 122, 4, '2025-07-09 14:45:00', 98, 98),
(104, '2025-07-10', 1140, 6, '2025-07-10 23:09:00', 99, 99),
(105, '2025-07-11', 1308, 1, '2025-07-11 09:42:00', 100, 100),
(106, '2025-07-12', 1703, 10, '2025-07-12 16:25:00', 101, 101),
(107, '2025-07-13', 1551, 5, '2025-07-13 17:27:00', 102, 102),
(108, '2025-07-14', 1673, 5, '2025-07-14 10:30:00', 103, 103),
(109, '2025-07-15', 531, 5, '2025-07-15 12:44:00', 104, 104),
(110, '2025-07-16', 1514, 5, '2025-07-16 14:21:00', 105, 105);